alibaba/fastjson,e05e9c5e4be580691cc55a59f3256595393203a1,.,com.alibaba.json.bvt.asm.SortFieldTest.test_1,null,0.446,0,0,0,0,0,0,0,wrongjsonfail,null,null,null
alibaba/fastjson,e05e9c5e4be580691cc55a59f3256595393203a1,.,com.alibaba.json.bvt.bug.Bug_for_smoothrat6.test_set,null,0.397,0,0,0,0,0,0,0,wrongjsonfail,null,null,null
alibaba/fastjson,e05e9c5e4be580691cc55a59f3256595393203a1,.,com.alibaba.json.bvt.bug.Issue_717.test_for_issue,com.alibaba.json.bvt.parser.TypeUtilsTest_loadClass.test_error,123.072,0,0,0,0,0,0,0,wrongjsonfail2,null,null,null
alibaba/fastjson,e05e9c5e4be580691cc55a59f3256595393203a1,.,com.alibaba.json.bvt.date.DateTest.test_date,null,0.363,0,0,0,0,0,0,0,wrongjsonfail,null,null,null
alibaba/fastjson,e05e9c5e4be580691cc55a59f3256595393203a1,.,com.alibaba.json.bvt.date.DateTest_tz.test_codec,null,0.363,0,0,0,0,0,0,0,wrongjsonfail,null,null,null
alibaba/fastjson,e05e9c5e4be580691cc55a59f3256595393203a1,.,com.alibaba.json.bvt.guava.ArrayListMultimapTest.test_for_multimap,null,0.375,0,0,0,0,0,0,0,wrongjsonfail,null,null,null
alibaba/fastjson,e05e9c5e4be580691cc55a59f3256595393203a1,.,com.alibaba.json.bvt.guava.HashMultimapTest.test_for_multimap,null,0.41,0,0,0,0,0,0,0,wrongjsonfail,null,null,null
alibaba/fastjson,e05e9c5e4be580691cc55a59f3256595393203a1,.,com.alibaba.json.bvt.guava.MultiMapTes.test_multimap,null,0.376,0,0,0,0,0,0,0,wrongjsonfail,null,null,null
alibaba/fastjson,e05e9c5e4be580691cc55a59f3256595393203a1,.,com.alibaba.json.bvt.issue_1100.Issue1177_1.test_for_issue,null,0.425,0,0,0,0,0,0,0,wrongjsonfail,null,null,null
alibaba/fastjson,e05e9c5e4be580691cc55a59f3256595393203a1,.,com.alibaba.json.bvt.issue_1100.Issue1177_2.test_for_issue,null,0.382,0,0,0,0,0,0,0,wrongjsonfail,null,null,null
alibaba/fastjson,e05e9c5e4be580691cc55a59f3256595393203a1,.,com.alibaba.json.bvt.issue_1200.Issue1298.test_for_issue,null,0.399,0,0,0,0,0,0,0,wrongjsonfail,null,null,null
alibaba/fastjson,e05e9c5e4be580691cc55a59f3256595393203a1,.,com.alibaba.json.bvt.issue_1200.Issue1298.test_for_issue_1,null,0.393,0,0,0,0,0,0,0,wrongjsonfail,null,null,null
alibaba/fastjson,e05e9c5e4be580691cc55a59f3256595393203a1,.,com.alibaba.json.bvt.issue_1300.Issue1363.test_for_issue,null,0.399,0,0,0,0,0,0,0,wrongjsonfail,null,null,null
alibaba/fastjson,e05e9c5e4be580691cc55a59f3256595393203a1,.,com.alibaba.json.bvt.issue_1300.Issue1363.test_for_issue_1,null,0.373,0,0,0,0,0,0,0,wrongjsonfail,null,null,null
alibaba/fastjson,e05e9c5e4be580691cc55a59f3256595393203a1,.,com.alibaba.json.bvt.issue_1400.Issue1480.test_for_issue,null,0.384,0,0,0,0,0,0,0,wrongjsonfail,null,null,null
alibaba/fastjson,e05e9c5e4be580691cc55a59f3256595393203a1,.,com.alibaba.json.bvt.issue_1500.Issue1584.test_for_issue,null,0.36,0,0,0,0,0,0,0,wrongjsonfail,null,null,null
alibaba/fastjson,e05e9c5e4be580691cc55a59f3256595393203a1,.,com.alibaba.json.bvt.issue_1600.Issue1679.test_for_issue,null,0.379,0,0,0,0,0,0,0,wrongjsonfail,null,null,null
alibaba/fastjson,e05e9c5e4be580691cc55a59f3256595393203a1,.,com.alibaba.json.bvt.issue_1700.Issue1769.test_for_issue,null,0.414,0,0,0,0,0,0,0,wrongjsonfail,null,null,null
alibaba/fastjson,e05e9c5e4be580691cc55a59f3256595393203a1,.,com.alibaba.json.bvt.issue_1900.Issue1972.test_for_issue,null,0.349,0,0,0,0,0,0,0,wrongjsonfail,null,null,null
alibaba/fastjson,e05e9c5e4be580691cc55a59f3256595393203a1,.,com.alibaba.json.bvt.issue_1900.Issue1977.test_for_issue,null,0.356,0,0,0,0,0,0,0,wrongjsonfail,null,null,null
alibaba/fastjson,e05e9c5e4be580691cc55a59f3256595393203a1,.,com.alibaba.json.bvt.jsonp.JSONPParseTest2.test_f,null,0.364,0,0,0,0,0,0,0,wrongjsonfail,null,null,null
alibaba/fastjson,e05e9c5e4be580691cc55a59f3256595393203a1,.,com.alibaba.json.bvt.jsonp.JSONPParseTest3.test_f,null,0.393,0,0,0,0,0,0,0,wrongjsonfail,null,null,null
alibaba/fastjson,e05e9c5e4be580691cc55a59f3256595393203a1,.,com.alibaba.json.bvt.parser.DefaultExtJSONParser_parseArray.test_7,null,0.381,0,0,0,0,0,0,0,wrongjsonfail,null,null,null
alibaba/fastjson,e05e9c5e4be580691cc55a59f3256595393203a1,.,com.alibaba.json.bvt.parser.DefaultExtJSONParser_parseArray.test_8,null,0.419,0,0,0,0,0,0,0,wrongjsonfail,null,null,null
alibaba/fastjson,e05e9c5e4be580691cc55a59f3256595393203a1,.,com.alibaba.json.bvt.parser.deser.AbstractSerializeTest.test_mapping_1,null,0.361,0,0,0,0,0,0,0,wrongjsonfail,null,null,null
alibaba/fastjson,e05e9c5e4be580691cc55a59f3256595393203a1,.,com.alibaba.json.bvt.parser.deser.AbstractSerializeTest.test_mapping_2,null,0.358,0,0,0,0,0,0,0,wrongjsonfail,null,null,null
alibaba/fastjson,e05e9c5e4be580691cc55a59f3256595393203a1,.,com.alibaba.json.bvt.serializer.ConcurrentHashMapTest5.test_concurrentHashmap,null,0.371,0,0,0,0,0,0,0,wrongjsonfail,null,null,null
alibaba/fastjson,e05e9c5e4be580691cc55a59f3256595393203a1,.,com.alibaba.json.bvt.serializer.ConcurrentHashMapTest6.test_concurrentHashmap,null,0.359,0,0,0,0,0,0,0,wrongjsonfail,null,null,null
alibaba/fastjson,e05e9c5e4be580691cc55a59f3256595393203a1,.,com.alibaba.json.bvt.serializer.date.DateTest4_indian.test_date,null,0.363,0,0,0,0,0,0,0,wrongjsonfail,null,null,null
alibaba/fastjson,e05e9c5e4be580691cc55a59f3256595393203a1,.,com.alibaba.json.bvt.serializer.date.DateTest5_iso8601.test_date,null,0.364,0,0,0,0,0,0,0,wrongjsonfail,null,null,null
alibaba/fastjson,e05e9c5e4be580691cc55a59f3256595393203a1,.,com.alibaba.json.bvt.serializer.JSONFieldTest5.test_jsonField,com.alibaba.json.bvt.jdk8.OptionalTest3.test_optional,63.772,0,0,0,0,0,0,0,wrongjsonfail2,null,null,null
alibaba/fastjson,e05e9c5e4be580691cc55a59f3256595393203a1,.,com.alibaba.json.bvt.serializer.JSONSerializerTest2.test_0,com.alibaba.json.bvt.serializer.JSONSerializerTest2.test_3,1.239,0,0,0,0,0,0,0,wrongjsonfail2,null,null,null
alibaba/fastjson,e05e9c5e4be580691cc55a59f3256595393203a1,.,com.alibaba.json.bvt.serializer.MaxBufSizeTest.test_max_buf,com.alibaba.json.bvt.serializer.SerializeWriterTest_14.test_writer_2,13.842,0.667,1.21,0,1.738,0,0.807,2.686,com.alibaba.fastjson.serializer.SerializeWriter.bufLocal,199,199,3
alibaba/fastjson,e05e9c5e4be580691cc55a59f3256595393203a1,.,com.alibaba.json.bvt.support.spring.mock.testcase.FastJsonpHttpMessageConverter4Case1Test.test1_2,null,0.371,0,0,0,0,0,0,0,wrongjsonfail,null,null,null
alibaba/fastjson,e05e9c5e4be580691cc55a59f3256595393203a1,.,com.alibaba.json.bvt.support.spring.mock.testcase.FastJsonpHttpMessageConverter4Case1Test.test2_2,null,0.364,0,0,0,0,0,0,0,wrongjsonfail,null,null,null
alibaba/fastjson,e05e9c5e4be580691cc55a59f3256595393203a1,.,com.alibaba.json.bvt.support.spring.mock.testcase.FastJsonpHttpMessageConverter4Case2Test.test1_2,null,0.379,0,0,0,0,0,0,0,wrongjsonfail,null,null,null
alibaba/fastjson,e05e9c5e4be580691cc55a59f3256595393203a1,.,com.alibaba.json.bvt.support.spring.mock.testcase.FastJsonpHttpMessageConverter4Case2Test.test2_2,null,0.353,0,0,0,0,0,0,0,wrongjsonfail,null,null,null
alibaba/fastjson,e05e9c5e4be580691cc55a59f3256595393203a1,.,com.alibaba.json.bvt.support.spring.mock.testcase.FastJsonpHttpMessageConverter4Case3Test.test1_2,null,0.365,0,0,0,0,0,0,0,wrongjsonfail,null,null,null
alibaba/fastjson,e05e9c5e4be580691cc55a59f3256595393203a1,.,com.alibaba.json.bvt.support.spring.mock.testcase.FastJsonpHttpMessageConverter4Case3Test.test2_2,null,0.38,0,0,0,0,0,0,0,wrongjsonfail,null,null,null
alibaba/fastjson,e05e9c5e4be580691cc55a59f3256595393203a1,.,com.alibaba.json.bvt.writeClassName.WriteClassNameTest_Map.test_list,null,0.382,0,0,0,0,0,0,0,wrongjsonfail,null,null,null
alibaba/fastjson,e05e9c5e4be580691cc55a59f3256595393203a1,.,com.alibaba.json.bvt.writeClassName.WriteDuplicateType.test_dupType,null,0.358,0,0,0,0,0,0,0,wrongjsonfail,null,null,null
alibaba/fastjson,e05e9c5e4be580691cc55a59f3256595393203a1,.,com.alibaba.json.bvt.writeClassName.WriteDuplicateType.test_dupType2,null,0.369,0,0,0,0,0,0,0,wrongjsonfail,null,null,null
