ktuukkan/marine-api,af0003847db9ba822f67d4f1dceb8de3fe63250a,.,net.sf.marineapi.ais.event.AbstractAISMessageListenerTest.testBasicListenerWithUnexpectedMessage,net.sf.marineapi.nmea.parser.SentenceFactoryTest.testRegisterParserWithAlternativeBeginChar,11.994,0.572,3.309,0,3.706,0,0.84,1.927,net.sf.marineapi.nmea.parser.SentenceFactory.parsers,485,485,2
ktuukkan/marine-api,af0003847db9ba822f67d4f1dceb8de3fe63250a,.,net.sf.marineapi.ais.event.AbstractAISMessageListenerTest.testConstructor,net.sf.marineapi.nmea.parser.SentenceFactoryTest.testRegisterParserWithAlternativeBeginChar,13.293,0.66,3.697,0,3.663,0,0.893,1.992,net.sf.marineapi.nmea.parser.SentenceFactory.parsers,485,485,2
json-iterator/java,6925cf4c19d313504b416f58a349a36bf563e0e1,.,com.jsoniter.extra.TestPreciseFloat.test_direct_encode,null,0.368,0,0,0,0,0,0,0,wrongjsonfail,null,null,null
json-iterator/java,6925cf4c19d313504b416f58a349a36bf563e0e1,.,com.jsoniter.extra.TestPreciseFloat.test_indirect_encode,null,0.286,0,0,0,0,0,0,0,wrongjsonfail,null,null,null
json-iterator/java,6925cf4c19d313504b416f58a349a36bf563e0e1,.,com.jsoniter.IterImplForStreamingTest.testLoadMore,null,0.281,0,0,0,0,0,0,0,wrongjsonfail,null,null,null
json-iterator/java,6925cf4c19d313504b416f58a349a36bf563e0e1,.,com.jsoniter.output.TestObject.test_omit_selft_defined,null,0.273,0,0,0,0,0,0,0,wrongjsonfail,null,null,null
json-iterator/java,6925cf4c19d313504b416f58a349a36bf563e0e1,.,com.jsoniter.output.TestObject.test_transient_field_getter,null,0.298,0,0,0,0,0,0,0,wrongjsonfail,null,null,null
json-iterator/java,6925cf4c19d313504b416f58a349a36bf563e0e1,.,com.jsoniter.TestBoolean.test_streaming,null,0.299,0,0,0,0,0,0,0,wrongjsonfail,null,null,null
json-iterator/java,6925cf4c19d313504b416f58a349a36bf563e0e1,.,com.jsoniter.TestFloat.test_streaming,null,0.293,0,0,0,0,0,0,0,wrongjsonfail,null,null,null
json-iterator/java,6925cf4c19d313504b416f58a349a36bf563e0e1,.,com.jsoniter.TestInteger.test_streaming,null,0.307,0,0,0,0,0,0,0,wrongjsonfail,null,null,null
json-iterator/java,6925cf4c19d313504b416f58a349a36bf563e0e1,.,com.jsoniter.TestIO.test_read_byte,null,0.297,0,0,0,0,0,0,0,wrongjsonfail,null,null,null
json-iterator/java,6925cf4c19d313504b416f58a349a36bf563e0e1,.,com.jsoniter.TestIO.test_read_bytes,null,0.301,0,0,0,0,0,0,0,wrongjsonfail,null,null,null
json-iterator/java,6925cf4c19d313504b416f58a349a36bf563e0e1,.,com.jsoniter.TestIO.test_unread_byte,null,0.278,0,0,0,0,0,0,0,wrongjsonfail,null,null,null
json-iterator/java,6925cf4c19d313504b416f58a349a36bf563e0e1,.,com.jsoniter.TestMap.test_MapKeyCodec,null,0.4,0,0,0,0,0,0,0,wrongjsonfail,null,null,null
json-iterator/java,6925cf4c19d313504b416f58a349a36bf563e0e1,.,com.jsoniter.TestObject.test_inheritance,null,0.301,0,0,0,0,0,0,0,wrongjsonfail,null,null,null
json-iterator/java,6925cf4c19d313504b416f58a349a36bf563e0e1,.,com.jsoniter.TestReadAny.test_read_any_in_streaming,null,0.297,0,0,0,0,0,0,0,wrongjsonfail,null,null,null
json-iterator/java,6925cf4c19d313504b416f58a349a36bf563e0e1,.,com.jsoniter.TestSkip.test_skip_string_streaming,null,0.28,0,0,0,0,0,0,0,wrongjsonfail,null,null,null
json-iterator/java,6925cf4c19d313504b416f58a349a36bf563e0e1,.,com.jsoniter.TestString.test_long_string_in_streaming,null,0.31,0,0,0,0,0,0,0,wrongjsonfail,null,null,null
json-iterator/java,6925cf4c19d313504b416f58a349a36bf563e0e1,.,com.jsoniter.TestString.test_normal_escape,null,0.31,0,0,0,0,0,0,0,wrongjsonfail,null,null,null
json-iterator/java,6925cf4c19d313504b416f58a349a36bf563e0e1,.,com.jsoniter.TestString.test_string_across_buffer,null,0.291,0,0,0,0,0,0,0,wrongjsonfail,null,null,null
json-iterator/java,6925cf4c19d313504b416f58a349a36bf563e0e1,.,com.jsoniter.TestString.test_unicode_escape,null,0.316,0,0,0,0,0,0,0,wrongjsonfail,null,null,null
json-iterator/java,6925cf4c19d313504b416f58a349a36bf563e0e1,.,com.jsoniter.TestString.test_utf8,null,0.314,0,0,0,0,0,0,0,wrongjsonfail,null,null,null
https://github.com/spring-cloud/spring-cloud-kubernetes,3351926041a630aee0961ba0e1be8f035e4ba2ca,spring-cloud-kubernetes-client-config,org.springframework.cloud.kubernetes.client.config.KubernetesClientConfigMapIncludeProfileSpecificSourcesTests.testOne,null,null,null
https://github.com/spring-cloud/spring-cloud-kubernetes,3351926041a630aee0961ba0e1be8f035e4ba2ca,spring-cloud-kubernetes-client-config,org.springframework.cloud.kubernetes.client.config.KubernetesClientConfigMapIncludeProfileSpecificSourcesTests.testThree,null,null,null
https://github.com/spring-cloud/spring-cloud-kubernetes,3351926041a630aee0961ba0e1be8f035e4ba2ca,spring-cloud-kubernetes-client-config,org.springframework.cloud.kubernetes.client.config.KubernetesClientConfigMapIncludeProfileSpecificSourcesTests.testTwo,null,null,null
https://github.com/spring-cloud/spring-cloud-kubernetes,3351926041a630aee0961ba0e1be8f035e4ba2ca,spring-cloud-kubernetes-client-config,org.springframework.cloud.kubernetes.client.config.KubernetesClientConfigMapNameAsPrefixTests.testOne,null,null,null
https://github.com/spring-cloud/spring-cloud-kubernetes,3351926041a630aee0961ba0e1be8f035e4ba2ca,spring-cloud-kubernetes-client-config,org.springframework.cloud.kubernetes.client.config.KubernetesClientConfigMapIncludeProfileSpecificSourcesTests.testOne,null,null,null
https://github.com/spring-cloud/spring-cloud-kubernetes,3351926041a630aee0961ba0e1be8f035e4ba2ca,spring-cloud-kubernetes-client-config,org.springframework.cloud.kubernetes.client.config.KubernetesClientConfigMapIncludeProfileSpecificSourcesTests.testThree,null,null,null
https://github.com/spring-cloud/spring-cloud-kubernetes,3351926041a630aee0961ba0e1be8f035e4ba2ca,spring-cloud-kubernetes-client-config,org.springframework.cloud.kubernetes.client.config.KubernetesClientConfigMapIncludeProfileSpecificSourcesTests.testTwo,null,null,null
https://github.com/spring-cloud/spring-cloud-kubernetes,3351926041a630aee0961ba0e1be8f035e4ba2ca,spring-cloud-kubernetes-client-config,org.springframework.cloud.kubernetes.client.config.KubernetesClientConfigMapNameAsPrefixTests.testOne,null,null,null
https://github.com/spring-cloud/spring-cloud-kubernetes,3351926041a630aee0961ba0e1be8f035e4ba2ca,spring-cloud-kubernetes-client-config,org.springframework.cloud.kubernetes.client.config.KubernetesClientConfigMapNameAsPrefixTests.testThree,null,null,null
https://github.com/spring-cloud/spring-cloud-kubernetes,3351926041a630aee0961ba0e1be8f035e4ba2ca,spring-cloud-kubernetes-client-config,org.springframework.cloud.kubernetes.client.config.KubernetesClientConfigMapNameAsPrefixTests.testTwo,null,null,null
https://github.com/spring-cloud/spring-cloud-kubernetes,3351926041a630aee0961ba0e1be8f035e4ba2ca,spring-cloud-kubernetes-client-config,org.springframework.cloud.kubernetes.client.config.KubernetesClientConfigMapPropertySourceLocatorRetryTests$ConfigRetryEnabled.locateShouldNotRetryWhenThereIsNoFailure,null,null,null
https://github.com/spring-cloud/spring-cloud-kubernetes,3351926041a630aee0961ba0e1be8f035e4ba2ca,spring-cloud-kubernetes-client-config,org.springframework.cloud.kubernetes.client.config.KubernetesClientConfigMapPropertySourceLocatorRetryTests$ConfigRetryEnabled.locateShouldRetryAndRecover,null,null,null
https://github.com/spring-cloud/spring-cloud-kubernetes,3351926041a630aee0961ba0e1be8f035e4ba2ca,spring-cloud-kubernetes-client-config,org.springframework.cloud.kubernetes.client.config.KubernetesClientSecretsPropertySourceLocatorRetryTests$SecretsRetryEnabled.locateShouldNotRetryWhenThereIsNoFailure,null,null,null
spring-cloud/spring-cloud-kubernetes,3351926041a630aee0961ba0e1be8f035e4ba2ca,spring-cloud-kubernetes-client-config,org.springframework.cloud.kubernetes.client.config.KubernetesClientConfigMapIncludeProfileSpecificSourcesTests.testOne,null,0.256,0,0,0,0,0,0,0,wrongjsonfail,null,null,null
spring-cloud/spring-cloud-kubernetes,3351926041a630aee0961ba0e1be8f035e4ba2ca,spring-cloud-kubernetes-client-config,org.springframework.cloud.kubernetes.client.config.KubernetesClientConfigMapIncludeProfileSpecificSourcesTests.testThree,null,0.277,0,0,0,0,0,0,0,wrongjsonfail,null,null,null
spring-cloud/spring-cloud-kubernetes,3351926041a630aee0961ba0e1be8f035e4ba2ca,spring-cloud-kubernetes-client-config,org.springframework.cloud.kubernetes.client.config.KubernetesClientConfigMapIncludeProfileSpecificSourcesTests.testTwo,null,0.269,0,0,0,0,0,0,0,wrongjsonfail,null,null,null
spring-cloud/spring-cloud-kubernetes,3351926041a630aee0961ba0e1be8f035e4ba2ca,spring-cloud-kubernetes-client-config,org.springframework.cloud.kubernetes.client.config.KubernetesClientConfigMapNameAsPrefixTests.testOne,null,0.294,0,0,0,0,0,0,0,wrongjsonfail,null,null,null
spring-cloud/spring-cloud-kubernetes,3351926041a630aee0961ba0e1be8f035e4ba2ca,spring-cloud-kubernetes-client-config,org.springframework.cloud.kubernetes.client.config.KubernetesClientConfigMapNameAsPrefixTests.testThree,null,0.298,0,0,0,0,0,0,0,wrongjsonfail,null,null,null
spring-cloud/spring-cloud-kubernetes,3351926041a630aee0961ba0e1be8f035e4ba2ca,spring-cloud-kubernetes-client-config,org.springframework.cloud.kubernetes.client.config.KubernetesClientConfigMapNameAsPrefixTests.testTwo,null,0.289,0,0,0,0,0,0,0,wrongjsonfail,null,null,null
spring-cloud/spring-cloud-kubernetes,3351926041a630aee0961ba0e1be8f035e4ba2ca,spring-cloud-kubernetes-client-config,org.springframework.cloud.kubernetes.client.config.KubernetesClientConfigMapPropertySourceLocatorRetryTests$ConfigRetryEnabled.locateShouldNotRetryWhenThereIsNoFailure,null,0.282,0,0,0,0,0,0,0,wrongjsonfail,null,null,null
spring-cloud/spring-cloud-kubernetes,3351926041a630aee0961ba0e1be8f035e4ba2ca,spring-cloud-kubernetes-client-config,org.springframework.cloud.kubernetes.client.config.KubernetesClientConfigMapPropertySourceLocatorRetryTests$ConfigRetryEnabled.locateShouldRetryAndRecover,null,0.282,0,0,0,0,0,0,0,wrongjsonfail,null,null,null
spring-cloud/spring-cloud-kubernetes,3351926041a630aee0961ba0e1be8f035e4ba2ca,spring-cloud-kubernetes-client-config,org.springframework.cloud.kubernetes.client.config.KubernetesClientSecretsPropertySourceLocatorRetryTests$SecretsRetryEnabled.locateShouldNotRetryWhenThereIsNoFailure,null,0.484,0,0,0,0,0,0,0,wrongjsonfail,null,null,null
spring-cloud/spring-cloud-kubernetes,3351926041a630aee0961ba0e1be8f035e4ba2ca,spring-cloud-kubernetes-client-config,org.springframework.cloud.kubernetes.client.config.KubernetesClientSecretsPropertySourceLocatorRetryTests$SecretsRetryEnabled.locateShouldRetryAndRecover,null,0.27,0,0,0,0,0,0,0,wrongjsonfail,null,null,null
spring-cloud/spring-cloud-kubernetes,3351926041a630aee0961ba0e1be8f035e4ba2ca,spring-cloud-kubernetes-controllers/spring-cloud-kubernetes-configserver,org.springframework.cloud.kubernetes.configserver.KubernetesEnvironmentRepositoryTests.testApplicationCase,null,0.254,0,0,0,0,0,0,0,wrongjsonfail,null,null,null
spring-cloud/spring-cloud-kubernetes,3351926041a630aee0961ba0e1be8f035e4ba2ca,spring-cloud-kubernetes-controllers/spring-cloud-kubernetes-configserver,org.springframework.cloud.kubernetes.configserver.KubernetesEnvironmentRepositoryTests.testStoresCase,null,0.265,0,0,0,0,0,0,0,wrongjsonfail,null,null,null
spring-cloud/spring-cloud-kubernetes,3351926041a630aee0961ba0e1be8f035e4ba2ca,spring-cloud-kubernetes-controllers/spring-cloud-kubernetes-configserver,org.springframework.cloud.kubernetes.configserver.KubernetesEnvironmentRepositoryTests.testStoresProfileCase,null,0.268,0,0,0,0,0,0,0,wrongjsonfail,null,null,null
spring-cloud/spring-cloud-kubernetes,3351926041a630aee0961ba0e1be8f035e4ba2ca,spring-cloud-kubernetes-fabric8-config,org.springframework.cloud.kubernetes.fabric8.config.ConfigMapsFromFilePathsTests.farewellInputShouldReturnPropertyFromSecondFile,null,0.255,0,0,0,0,0,0,0,wrongjsonfail,null,null,null
spring-cloud/spring-cloud-kubernetes,3351926041a630aee0961ba0e1be8f035e4ba2ca,spring-cloud-kubernetes-fabric8-config,org.springframework.cloud.kubernetes.fabric8.config.ConfigMapsFromFilePathsTests.morningInputShouldReturnDefaultValue,null,0.275,0,0,0,0,0,0,0,wrongjsonfail,null,null,null
spring-cloud/spring-cloud-kubernetes,3351926041a630aee0961ba0e1be8f035e4ba2ca,spring-cloud-kubernetes-fabric8-config,org.springframework.cloud.kubernetes.fabric8.config.ConfigMapsTests.testConfig,null,0.274,0,0,0,0,0,0,0,wrongjsonfail,null,null,null
spring-cloud/spring-cloud-kubernetes,3351926041a630aee0961ba0e1be8f035e4ba2ca,spring-cloud-kubernetes-fabric8-config,org.springframework.cloud.kubernetes.fabric8.config.ConfigMapWithIncludeProfileSpecificSourcesTests.testOne,null,0.304,0,0,0,0,0,0,0,wrongjsonfail,null,null,null
spring-cloud/spring-cloud-kubernetes,3351926041a630aee0961ba0e1be8f035e4ba2ca,spring-cloud-kubernetes-fabric8-config,org.springframework.cloud.kubernetes.fabric8.config.CoreTest.kubernetesClientConfigBeanShouldBeConfigurableViaSystemProperties,null,0.269,0,0,0,0,0,0,0,wrongjsonfail,null,null,null
spring-cloud/spring-cloud-kubernetes,3351926041a630aee0961ba0e1be8f035e4ba2ca,spring-cloud-kubernetes-fabric8-config,org.springframework.cloud.kubernetes.fabric8.config.Fabric8ConfigMapPropertySourceLocatorRetryTests$ConfigRetryEnabled.locateShouldNotRetryWhenThereIsNoFailure,null,0.275,0,0,0,0,0,0,0,wrongjsonfail,null,null,null
spring-cloud/spring-cloud-kubernetes,3351926041a630aee0961ba0e1be8f035e4ba2ca,spring-cloud-kubernetes-fabric8-config,org.springframework.cloud.kubernetes.fabric8.config.Fabric8ConfigMapPropertySourceLocatorRetryTests$ConfigRetryEnabled.locateShouldRetryAndFail,null,0.282,0,0,0,0,0,0,0,wrongjsonfail,null,null,null
spring-cloud/spring-cloud-kubernetes,3351926041a630aee0961ba0e1be8f035e4ba2ca,spring-cloud-kubernetes-fabric8-config,org.springframework.cloud.kubernetes.fabric8.config.Fabric8ConfigMapPropertySourceLocatorRetryTests$ConfigRetryEnabled.locateShouldRetryAndRecover,null,0.275,0,0,0,0,0,0,0,wrongjsonfail,null,null,null
spring-cloud/spring-cloud-kubernetes,3351926041a630aee0961ba0e1be8f035e4ba2ca,spring-cloud-kubernetes-fabric8-config,org.springframework.cloud.kubernetes.fabric8.config.Fabric8SecretsPropertySourceLocatorRetryTests$SecretsRetryEnabled.locateShouldNotRetryWhenThereIsNoFailure,null,0.275,0,0,0,0,0,0,0,wrongjsonfail,null,null,null
spring-cloud/spring-cloud-kubernetes,3351926041a630aee0961ba0e1be8f035e4ba2ca,spring-cloud-kubernetes-fabric8-config,org.springframework.cloud.kubernetes.fabric8.config.Fabric8SecretsPropertySourceLocatorRetryTests$SecretsRetryEnabled.locateShouldRetryAndFail,null,0.285,0,0,0,0,0,0,0,wrongjsonfail,null,null,null
spring-cloud/spring-cloud-kubernetes,3351926041a630aee0961ba0e1be8f035e4ba2ca,spring-cloud-kubernetes-fabric8-config,org.springframework.cloud.kubernetes.fabric8.config.Fabric8SecretsPropertySourceLocatorRetryTests$SecretsRetryEnabled.locateShouldRetryAndRecover,null,0.271,0,0,0,0,0,0,0,wrongjsonfail,null,null,null
spring-cloud/spring-cloud-kubernetes,3351926041a630aee0961ba0e1be8f035e4ba2ca,spring-cloud-kubernetes-fabric8-config,org.springframework.cloud.kubernetes.fabric8.config.MultipleConfigMapsTests.testCommonMessage,null,0.273,0,0,0,0,0,0,0,wrongjsonfail,null,null,null
spring-cloud/spring-cloud-kubernetes,3351926041a630aee0961ba0e1be8f035e4ba2ca,spring-cloud-kubernetes-fabric8-config,org.springframework.cloud.kubernetes.fabric8.config.MultipleConfigMapsTests.testMessage3,null,0.314,0,0,0,0,0,0,0,wrongjsonfail,null,null,null
spring-cloud/spring-cloud-kubernetes,3351926041a630aee0961ba0e1be8f035e4ba2ca,spring-cloud-kubernetes-fabric8-autoconfig,org.springframework.cloud.kubernetes.fabric8.Fabric8ClientUserAgentEnvPropertyTests.testUserAgent,null,0.262,0,0,0,0,0,0,0,wrongjsonfail,null,null,null
spring-cloud/spring-cloud-kubernetes,3351926041a630aee0961ba0e1be8f035e4ba2ca,spring-cloud-kubernetes-fabric8-autoconfig,org.springframework.cloud.kubernetes.fabric8.Fabric8ClientUserAgentTests$DefaultConfigurationForClient.testUserAgent,null,0.262,0,0,0,0,0,0,0,wrongjsonfail,null,null,null
spring-cloud/spring-cloud-kubernetes,3351926041a630aee0961ba0e1be8f035e4ba2ca,spring-cloud-kubernetes-integration-tests/load-balancer,org.springframework.cloud.kubernetes.fabric8.loadbalancer.LoadBalancerTests.testLoadBalancerSameNamespace,null,0.261,0,0,0,0,0,0,0,wrongjsonfail,null,null,null
spring-cloud/spring-cloud-kubernetes,3351926041a630aee0961ba0e1be8f035e4ba2ca,spring-cloud-kubernetes-integration-tests/load-balancer,org.springframework.cloud.kubernetes.fabric8.loadbalancer.LoadBalancerWithServiceTests.testLoadBalancerSameNamespace,null,0.26,0,0,0,0,0,0,0,wrongjsonfail,null,null,null
spring-cloud/spring-cloud-netflix,dc67500445d3ce7382771e39b64ca93bbebc04c7,spring-cloud-netflix-eureka-server,org.springframework.cloud.netflix.eureka.server.ApplicationContextTests.catalogLoads,null,0.254,0,0,0,0,0,0,0,wrongjsonfail,null,null,null
spring-cloud/spring-cloud-netflix,dc67500445d3ce7382771e39b64ca93bbebc04c7,spring-cloud-netflix-eureka-server,org.springframework.cloud.netflix.eureka.server.ApplicationContextTests.dashboardLoads,null,0.293,0,0,0,0,0,0,0,wrongjsonfail,null,null,null
spring-cloud/spring-cloud-netflix,dc67500445d3ce7382771e39b64ca93bbebc04c7,spring-cloud-netflix-eureka-server,org.springframework.cloud.netflix.eureka.server.ApplicationDashboardDisabledTests.catalogLoads,null,0.26,0,0,0,0,0,0,0,wrongjsonfail,null,null,null
spring-cloud/spring-cloud-netflix,dc67500445d3ce7382771e39b64ca93bbebc04c7,spring-cloud-netflix-eureka-server,org.springframework.cloud.netflix.eureka.server.ApplicationDashboardPathTests.catalogLoads,null,0.259,0,0,0,0,0,0,0,wrongjsonfail,null,null,null
spring-cloud/spring-cloud-netflix,dc67500445d3ce7382771e39b64ca93bbebc04c7,spring-cloud-netflix-eureka-server,org.springframework.cloud.netflix.eureka.server.ApplicationDashboardPathTests.dashboardLoads,null,0.248,0,0,0,0,0,0,0,wrongjsonfail,null,null,null
spring-cloud/spring-cloud-netflix,dc67500445d3ce7382771e39b64ca93bbebc04c7,spring-cloud-netflix-eureka-server,org.springframework.cloud.netflix.eureka.server.ApplicationServletPathTests.catalogLoads,null,0.252,0,0,0,0,0,0,0,wrongjsonfail,null,null,null
spring-cloud/spring-cloud-netflix,dc67500445d3ce7382771e39b64ca93bbebc04c7,spring-cloud-netflix-eureka-server,org.springframework.cloud.netflix.eureka.server.ApplicationServletPathTests.dashboardLoads,null,0.254,0,0,0,0,0,0,0,wrongjsonfail,null,null,null
spring-cloud/spring-cloud-netflix,dc67500445d3ce7382771e39b64ca93bbebc04c7,spring-cloud-netflix-eureka-server,org.springframework.cloud.netflix.eureka.server.ApplicationTests.catalogLoads,null,0.254,0,0,0,0,0,0,0,wrongjsonfail,null,null,null
spring-cloud/spring-cloud-netflix,dc67500445d3ce7382771e39b64ca93bbebc04c7,spring-cloud-netflix-eureka-server,org.springframework.cloud.netflix.eureka.server.ApplicationTests.noDoubleSlashes,null,0.253,0,0,0,0,0,0,0,wrongjsonfail,null,null,null
spring-cloud/spring-cloud-netflix,dc67500445d3ce7382771e39b64ca93bbebc04c7,spring-cloud-netflix-eureka-server,org.springframework.cloud.netflix.eureka.server.RefreshablePeerEurekaNodesTests.dashboardUpdatedAsSoonAsRefreshed,null,0.255,0,0,0,0,0,0,0,wrongjsonfail,null,null,null
